P001,64581e648748d0e3d2ae5ac78024a37e246070dcb9142a9881ba942f03157bab
P003,64581e648748d0e3d2ae5ac78024a37e246070dcb9142a9881ba942f03157bab
P002,64581e648748d0e3d2ae5ac78024a37e246070dcb9142a9881ba942f03157bab
P1003,64581e648748d0e3d2ae5ac78024a37e246070dcb9142a9881ba942f03157bab
D005,64581e648748d0e3d2ae5ac78024a37e246070dcb9142a9881ba942f03157bab
A001,e6d0760c80b12676a2b1b7aa6b3fee18f50c7fe1b2a55e0dbb397301bcff08e2
P1001,64581e648748d0e3d2ae5ac78024a37e246070dcb9142a9881ba942f03157bab
D004,64581e648748d0e3d2ae5ac78024a37e246070dcb9142a9881ba942f03157bab
A002,64581e648748d0e3d2ae5ac78024a37e246070dcb9142a9881ba942f03157bab
P1002,64581e648748d0e3d2ae5ac78024a37e246070dcb9142a9881ba942f03157bab
D003,64581e648748d0e3d2ae5ac78024a37e246070dcb9142a9881ba942f03157bab
D002,64581e648748d0e3d2ae5ac78024a37e246070dcb9142a9881ba942f03157bab
D001,64581e648748d0e3d2ae5ac78024a37e246070dcb9142a9881ba942f03157bab
